0,0,1,0,1,0,1,2,2,1,0,0,0,0,1,0,0,0,0,0,0,0,1,0,0,1,1,1,0,0,1,0,0,1,1,1,1,3,4,4,1,3,5,12
1,0,1,0,1,1,1,4,2,0,0,0,0,1,0,0,1,0,0,0,1,0,0,0,1,0,2,2,0,0,1,1,1,1,1,1,0,5,3,3,1,1,1,0
2,0,1,0,1,1,1,3,3,1,0,0,0,0,1,0,0,0,0,0,1,0,0,0,1,0,1,3,0,0,1,1,0,1,1,1,1,4,3,3,1,3,4,0
3,0,0,-1,1,1,1,2,2,0,0,1,0,0,0,0,1,0,0,0,0,0,1,0,0,1,1,1,0,1,1,0,0,1,1,1,0,5,4,1,1,1,1,0
4,0,1,-1,1,1,1,4,3,0,0,1,0,0,1,0,0,0,0,0,0,1,0,0,1,0,1,1,0,0,0,1,1,1,1,1,0,4,5,5,1,3,1,4
5,0,0,0,0,0,1,2,1,0,1,0,0,0,1,0,0,0,0,0,0,0,1,0,1,0,2,1,2,0,0,0,1,1,0,1,1,3,3,2,2,2,5,0
6,0,1,-1,1,1,1,1,2,0,1,0,0,0,1,0,0,0,0,0,0,0,1,0,1,0,1,2,0,0,1,1,0,0,1,1,0,4,3,2,1,1,5,2
7,0,1,1,0,1,1,2,3,1,0,0,0,0,1,0,0,0,0,0,0,1,0,1,0,0,1,3,1,0,0,0,0,1,1,1,1,4,1,2,1,1,3,40
8,0,0,0,1,0,1,4,4,1,0,0,0,0,0,0,0,0,1,0,1,0,0,0,0,1,2,1,0,0,0,1,0,1,1,1,0,4,1,1,2,2,5,0
9,0,0,0,1,0,1,2,2,1,0,0,0,0,1,0,0,0,0,0,1,0,0,0,0,1,1,2,0,0,0,1,1,0,1,1,1,4,4,2,5,5,4,4
10,0,0,-1,1,1,1,4,3,0,0,0,0,1,1,0,0,0,0,0,1,0,0,0,1,0,1,2,0,0,1,1,1,1,1,1,0,4,3,3,2,3,5,6
11,0,1,0,1,1,1,4,4,1,0,0,0,0,1,0,0,0,0,0,0,1,0,0,1,0,1,1,0,0,0,0,1,0,1,1,0,5,3,4,1,2,1,6
12,0,1,0,1,1,1,4,4,0,0,0,1,0,1,0,0,0,0,0,1,0,0,0,1,0,1,1,0,0,1,0,0,1,1,1,0,4,4,4,1,2,2,4
13,0,1,0,1,1,1,3,4,0,0,1,0,0,1,0,0,0,0,0,0,0,1,0,1,0,1,3,0,0,0,0,0,1,1,1,0,4,4,5,1,3,5,16
14,0,0,0,1,1,1,3,3,0,0,1,0,0,1,0,0,0,0,0,1,0,0,0,1,0,1,2,0,0,0,1,1,1,1,1,1,4,2,3,1,2,3,2
15,1,1,0,0,1,1,3,1,0,1,0,0,0,1,0,0,0,0,0,0,1,0,0,1,0,1,2,0,0,1,1,1,0,1,1,0,4,5,4,2,3,1,17
16,0,1,0,1,1,1,4,2,0,0,0,1,0,0,0,1,0,0,0,1,0,0,0,0,1,1,2,0,0,0,1,0,1,1,1,1,4,2,3,1,1,3,0
17,0,0,-1,1,0,0,2,1,0,0,1,0,0,1,0,0,0,0,0,0,0,1,0,1,0,4,1,3,0,0,0,0,1,1,1,0,4,5,5,2,5,5,0
18,0,1,1,1,0,1,4,3,1,0,0,0,0,1,0,0,0,0,0,1,0,0,1,0,0,2,2,0,0,1,1,0,1,1,1,1,4,4,5,1,2,2,10
19,0,0,1,1,0,1,1,1,1,0,0,0,0,1,0,0,0,0,0,0,0,1,0,1,0,1,1,3,0,0,0,0,1,0,1,1,2,3,5,2,5,4,0
20,0,0,-1,1,1,0,4,4,1,0,0,0,0,0,0,1,0,0,0,0,1,0,0,1,0,1,4,0,0,1,0,1,0,1,1,1,1,3,3,5,5,3,4
21,0,1,-1,0,1,1,2,4,0,0,1,0,0,0,0,0,1,0,0,0,0,1,0,1,0,1,3,0,1,1,1,1,1,1,1,0,4,3,2,1,1,5,2
22,0,1,0,1,1,1,1,1,0,0,1,0,0,0,0,1,0,0,0,0,0,1,0,0,1,4,1,0,1,1,0,1,0,1,1,1,5,5,5,5,5,5,6
23,0,0,-1,1,1,1,3,4,1,0,0,0,0,1,0,0,0,0,0,1,0,0,0,1,0,1,2,0,0,1,1,1,1,1,1,0,5,5,1,1,1,5,0
24,0,1,0,1,1,1,4,3,0,0,0,1,0,0,0,1,0,0,0,0,1,0,0,1,0,1,3,0,0,1,1,0,1,1,1,0,4,2,2,1,2,3,0
25,1,0,0,1,1,1,3,3,0,0,0,1,0,1,0,0,0,0,0,0,0,1,0,1,0,2,2,0,0,1,1,0,1,1,1,0,4,5,4,2,3,3,2
26,0,1,1,1,1,1,2,3,0,1,0,0,0,1,0,0,0,0,0,0,0,1,0,1,0,1,3,0,0,1,0,0,1,1,1,0,4,3,3,1,2,3,4
27,0,0,1,1,1,1,2,2,1,0,0,0,0,0,0,1,0,0,0,0,1,0,0,0,1,1,2,1,0,0,0,0,1,0,1,0,5,5,4,3,5,2,0
28,0,1,0,1,1,1,3,2,1,0,0,0,0,1,0,0,0,0,0,0,0,1,0,1,0,1,2,0,0,0,0,1,0,1,1,0,5,3,4,1,3,3,10
29,0,0,0,1,1,1,1,0,1,0,0,0,0,1,0,0,0,0,0,0,1,0,0,1,0,2,2,0,0,1,1,1,1,1,1,1,4,3,2,1,1,3,2
30,0,1,-1,0,1,1,3,3,0,0,1,0,0,0,0,1,0,0,0,0,1,0,1,0,0,2,3,2,0,1,1,1,1,1,1,1,4,2,1,2,3,3,8
31,0,0,1,1,1,1,4,4,0,0,0,0,1,0,0,1,0,0,0,0,1,0,1,0,0,2,1,1,0,1,1,0,1,1,1,1,4,3,4,1,1,4,38
32,0,1,0,1,1,1,3,3,1,0,0,0,0,1,0,0,0,0,0,1,0,0,0,0,1,1,2,0,0,1,1,0,1,1,0,0,4,3,2,1,2,5,4
33,1,1,0,1,0,1,4,4,0,1,0,0,0,0,1,0,0,0,0,0,0,1,0,1,0,1,2,0,0,1,1,1,1,1,1,1,2,3,4,1,1,1,0
34,1,1,1,1,1,1,3,3,0,0,1,0,0,0,0,1,0,0,0,0,0,1,0,0,1,1,2,0,0,1,0,0,1,1,0,1,5,3,4,1,1,5,0
35,0,1,0,1,0,1,4,3,0,0,0,1,0,1,0,0,0,0,0,0,1,0,0,0,1,1,2,0,0,0,0,1,1,1,1,1,3,2,3,1,2,3,14
36,0,1,1,1,1,1,2,2,0,1,0,0,0,0,1,0,0,0,1,0,0,0,0,1,0,1,3,0,0,1,1,0,1,1,1,0,4,3,3,1,2,2,5
37,0,0,-1,0,1,1,3,4,0,1,0,0,0,0,0,0,0,1,0,0,0,1,0,1,0,4,2,0,0,1,0,0,1,1,0,1,5,3,3,1,1,5,0
38,0,1,0,1,1,1,4,2,0,0,1,0,0,1,0,0,0,0,0,0,0,1,0,1,0,1,2,0,0,1,0,0,1,1,1,0,4,2,3,1,1,5,2
39,0,0,0,1,1,1,3,3,1,0,0,0,0,0,0,1,0,0,0,0,0,1,0,0,1,1,2,1,0,1,1,0,1,1,1,1,4,5,5,4,4,5,4
40,0,0,0,1,1,1,1,2,0,0,1,0,0,0,0,1,0,0,1,0,0,0,0,1,0,1,1,0,0,1,1,1,1,1,1,1,3,3,3,1,2,3,2
41,0,0,0,1,0,1,2,1,1,0,0,0,0,1,0,0,0,0,0,0,0,1,0,1,0,1,2,0,0,0,1,1,1,1,1,1,4,2,3,1,2,5,0
42,1,0,1,1,0,1,1,3,0,1,0,0,0,0,0,1,0,0,0,0,0,1,0,1,0,1,1,1,0,0,0,0,1,0,1,1,4,3,3,2,3,3,7
43,0,1,-1,1,0,0,3,3,1,0,0,0,0,1,0,0,0,0,1,0,0,0,0,1,0,1,1,0,0,0,1,0,1,1,1,0,5,3,4,4,4,1,6
44,0,0,1,1,1,1,3,2,0,0,1,0,0,0,1,0,0,0,0,1,0,0,0,1,0,1,1,3,0,1,0,0,1,0,1,1,4,5,4,1,1,4,0
45,0,0,-1,1,1,1,4,2,0,0,0,1,0,0,0,1,0,0,1,0,0,0,0,1,0,1,1,0,0,0,1,0,1,1,1,0,2,2,4,2,4,1,4
46,1,1,0,1,0,0,3,2,0,0,1,0,0,1,0,0,0,0,0,0,1,0,0,1,0,2,2,0,0,0,0,0,1,1,0,1,1,2,3,1,2,5,2
47,0,0,0,1,1,1,3,3,0,0,1,0,0,0,0,1,0,0,1,0,0,0,0,1,0,1,2,0,0,1,0,1,1,1,1,1,4,3,4,2,3,4,12
48,0,1,1,1,1,1,2,4,0,0,1,0,0,0,1,0,0,0,0,0,1,0,1,0,0,1,2,1,0,1,1,1,1,1,1,0,4,4,3,1,1,3,8
49,1,0,1,1,0,1,1,1,1,0,0,0,0,0,1,0,0,0,0,0,0,1,0,0,1,1,1,0,0,0,0,0,1,1,1,0,3,2,3,3,3,5,5
50,0,1,1,1,1,1,2,2,0,1,0,0,0,0,0,1,0,0,0,1,0,0,0,1,0,1,3,0,0,1,1,1,1,1,1,1,4,3,3,1,1,3,0
51,0,1,0,1,1,0,2,1,1,0,0,0,0,1,0,0,0,0,0,0,0,1,0,1,0,2,3,0,0,0,0,1,1,1,1,1,3,2,3,1,2,3,10
52,0,0,1,1,0,0,4,4,0,0,0,0,1,0,0,0,0,1,0,0,1,0,0,1,0,1,2,0,0,1,1,1,1,1,1,0,5,4,3,1,1,2,9
53,0,1,0,1,1,0,2,2,1,0,0,0,0,1,0,0,0,0,0,0,1,0,0,1,0,1,2,0,1,1,1,0,1,1,1,0,3,3,4,1,1,4,0
54,0,1,0,0,0,1,4,4,0,0,1,0,0,1,0,0,0,0,1,0,0,0,0,1,0,1,1,0,0,1,1,0,1,1,0,0,5,2,1,1,2,3,12
55,0,0,0,1,0,1,4,2,0,0,0,0,1,1,0,0,0,0,0,0,0,1,0,1,0,1,2,0,0,0,0,1,1,1,1,0,4,5,1,1,3,5,2
56,0,1,1,1,1,1,2,1,0,0,1,0,0,1,0,0,0,0,0,0,0,1,0,1,0,2,2,0,0,1,1,1,1,1,1,0,5,3,3,1,2,1,0
57,0,1,1,1,1,1,4,3,1,0,0,0,0,1,0,0,0,0,0,0,1,0,0,0,1,1,4,0,0,1,1,0,1,1,1,0,4,3,3,1,1,3,0
58,0,1,1,1,1,1,4,4,0,0,0,1,0,1,0,0,0,0,0,0,1,0,1,0,0,2,2,0,0,1,1,1,1,1,1,0,2,3,4,2,3,2,0
59,0,0,0,1,0,1,1,1,1,0,0,0,0,1,0,0,0,0,0,1,0,0,0,1,0,2,2,0,0,1,1,0,1,1,1,0,3,4,2,1,1,5,18
60,0,0,0,1,1,1,4,4,0,0,0,1,0,1,0,0,0,0,0,0,1,0,0,0,1,1,2,0,0,1,1,1,1,1,1,0,4,2,4,2,4,1,2
61,0,0,0,1,1,1,3,1,1,0,0,0,0,1,0,0,0,0,0,0,1,0,0,1,0,1,1,0,0,0,0,1,1,1,0,0,5,3,2,2,2,5,2
62,0,1,-1,1,1,1,4,4,0,0,1,0,0,0,0,0,0,1,1,0,0,0,0,0,1,1,2,1,1,1,0,1,0,1,1,0,4,4,4,1,1,3,2
63,0,0,0,1,0,1,4,3,0,0,0,0,1,1,0,0,0,0,0,0,0,1,0,1,0,2,2,0,0,0,1,1,1,1,1,0,4,4,4,4,4,4,4
64,0,1,-1,1,1,1,3,2,0,0,1,0,0,1,0,0,0,0,0,1,0,0,0,1,0,2,2,0,1,1,1,0,1,1,1,0,4,3,5,1,1,2,26
65,0,0,0,1,0,1,4,3,0,0,0,1,0,1,0,0,0,0,0,1,0,0,0,0,1,1,1,0,0,0,1,1,1,1,1,0,3,1,3,1,3,5,4
66,0,1,0,0,1,1,2,1,0,1,0,0,0,0,0,1,0,0,0,0,0,1,0,1,0,3,2,0,0,0,0,1,1,1,0,0,2,1,1,1,1,3,2
67,0,0,0,1,1,1,3,4,1,0,0,0,0,1,0,0,0,0,0,0,0,1,0,0,1,3,1,2,0,1,0,1,0,1,1,0,3,4,5,2,4,2,0
68,0,1,0,1,1,1,2,4,0,0,1,0,0,0,0,1,0,0,0,0,1,0,0,0,1,1,2,0,0,1,0,1,1,1,0,0,5,4,2,2,3,5,0
69,1,1,1,0,1,1,4,4,0,0,0,0,1,0,1,0,0,0,0,0,1,0,0,1,0,3,1,0,0,1,1,1,1,1,1,1,4,4,3,2,2,5,7
70,0,1,0,1,0,1,2,2,0,0,1,0,0,1,0,0,0,0,0,0,0,1,0,1,0,2,2,0,1,1,1,0,1,1,1,1,4,4,4,2,3,5,6
71,0,1,0,1,1,1,1,1,1,0,0,0,0,1,0,0,0,0,0,0,0,1,0,1,0,1,2,0,0,1,1,0,0,1,0,0,4,4,4,1,3,1,4
72,0,0,0,1,1,1,4,4,0,0,1,0,0,0,0,1,0,0,1,0,0,0,0,1,0,1,1,0,1,1,1,1,1,1,1,0,4,5,5,5,5,4,14
73,0,1,-1,0,0,1,2,2,0,0,0,1,0,0,0,1,0,0,0,0,1,0,0,1,0,2,2,0,1,1,1,0,1,1,1,0,4,1,3,1,3,4,2
74,0,1,0,1,1,0,3,3,1,0,0,0,0,1,0,0,0,0,0,0,0,1,1,0,0,2,1,2,0,1,0,1,0,1,1,1,4,3,2,1,1,5,0
75,0,0,0,1,1,1,2,3,1,0,0,0,0,1,0,0,0,0,0,1,0,0,0,0,1,2,1,0,0,0,0,0,1,1,1,0,5,3,3,1,1,3,0
76,0,1,0,1,1,0,3,1,0,0,1,0,0,1,0,0,0,0,0,0,0,1,0,1,0,1,2,3,0,1,1,0,1,1,1,0,2,3,3,2,2,4,5
77,0,1,0,1,1,1,3,4,0,1,0,0,0,0,0,1,0,0,0,1,0,0,0,1,0,1,3,1,0,1,1,0,1,1,1,1,4,4,3,3,4,5,28
78,0,1,0,1,0,1,2,2,1,0,0,0,0,0,1,0,0,0,0,0,0,1,0,0,1,2,2,1,1,0,0,1,1,1,1,0,4,3,3,2,2,5,14
79,0,0,1,0,1,1,3,3,1,0,0,0,0,0,0,1,0,0,0,0,1,0,0,0,1,1,2,1,0,0,0,1,1,1,0,1,4,5,3,1,2,5,0
80,0,1,-1,1,1,1,3,2,0,0,0,1,0,0,0,1,0,0,0,1,0,0,0,0,1,1,2,3,0,1,0,0,1,1,1,0,3,3,2,1,1,3,0
81,1,1,1,1,1,1,3,3,1,0,0,0,0,1,0,0,0,0,0,1,0,0,0,1,0,1,2,0,0,0,1,0,1,1,1,1,4,1,3,1,2,1,0
82,0,0,-1,1,1,1,4,3,0,0,0,0,1,0,0,1,0,0,0,0,0,1,0,0,1,2,4,0,1,1,0,0,1,1,1,0,2,2,2,1,1,3,0
83,0,1,0,1,1,1,4,3,0,0,0,1,0,1,0,0,0,0,0,0,1,0,0,1,0,1,3,0,0,1,1,1,1,1,1,1,4,4,3,1,3,4,0
84,1,0,1,0,1,1,1,1,1,0,0,0,0,0,0,1,0,0,1,0,0,0,0,1,0,2,1,1,0,0,0,0,1,1,0,0,4,3,2,1,3,5,0
85,0,1,-1,0,1,1,1,1,0,1,0,0,0,1,0,0,0,0,0,1,0,0,0,1,0,2,4,1,1,1,1,1,1,1,1,0,3,1,2,1,1,1,2
86,1,0,0,1,0,1,3,1,0,0,1,0,0,0,0,1,0,0,0,0,0,1,0,1,0,2,1,0,0,0,0,0,0,1,1,0,2,4,5,3,4,2,3
87,0,0,0,1,0,0,4,4,0,0,0,0,1,0,0,0,1,0,0,0,1,0,0,1,0,1,2,0,0,1,0,0,1,1,0,0,4,1,3,3,5,5,18
88,0,0,1,1,1,1,4,2,0,0,0,0,1,1,0,0,0,0,0,1,0,0,0,1,0,1,2,0,0,1,1,1,1,1,1,1,4,3,2,1,4,5,11
89,0,0,2,1,1,0,3,2,0,0,1,0,0,1,0,0,0,0,0,0,0,1,1,0,0,1,1,0,0,0,0,1,1,1,0,0,5,5,3,1,1,5,0
90,0,1,0,1,1,1,2,2,1,0,0,0,0,1,0,0,0,0,0,1,0,0,0,1,0,1,2,0,0,1,1,0,0,1,1,0,5,1,5,1,1,4,0
91,0,0,0,1,1,1,2,1,1,0,0,0,0,1,0,0,0,0,0,1,0,0,0,1,0,1,1,3,0,1,0,0,1,1,1,0,5,4,5,1,2,5,0
92,0,0,0,1,1,1,2,1,1,0,0,0,0,1,0,0,0,0,0,1,0,0,0,1,0,2,1,3,1,1,0,1,1,0,1,0,4,5,1,1,1,3,2
93,0,1,0,0,0,1,2,2,0,0,1,0,0,0,0,1,0,0,0,0,0,1,0,1,0,1,3,0,0,1,1,1,1,1,1,0,3,3,2,2,2,3,3
94,0,0,0,1,0,1,4,4,0,0,0,0,1,1,0,0,0,0,0,0,1,0,0,1,0,1,2,0,0,1,1,1,1,1,1,0,4,4,4,1,3,5,0
95,0,0,-1,1,1,1,4,4,0,0,1,0,0,0,0,0,0,1,0,0,0,1,0,0,1,1,2,0,0,1,0,1,1,1,1,0,4,3,3,1,1,5,2
96,1,1,1,0,1,1,2,3,0,0,1,0,0,1,0,0,0,0,0,0,0,1,0,1,0,1,3,1,0,0,0,1,0,1,1,0,5,4,2,1,2,5,0
97,0,1,1,1,0,1,1,1,1,0,0,0,0,1,0,0,0,0,0,1,0,0,0,1,0,2,2,0,0,1,1,0,0,1,0,0,4,4,3,1,1,3,2
98,0,0,0,1,0,1,4,4,0,0,1,0,0,1,0,0,0,0,0,1,0,0,0,1,0,1,2,0,0,1,1,0,1,1,1,1,5,3,5,4,5,3,13
99,0,1,-1,1,0,1,4,2,0,0,0,1,0,1,0,0,0,0,1,0,0,0,0,1,0,1,2,0,0,1,1,0,1,1,1,0,4,3,3,1,1,5,2
100,0,0,0,1,0,1,4,3,0,0,0,1,0,1,0,0,0,0,0,0,0,1,0,1,0,2,2,0,0,0,0,1,1,1,1,1,2,5,5,1,4,5,14
101,0,1,0,1,1,1,4,4,0,0,1,0,0,0,0,1,0,0,0,0,1,0,0,1,0,1,3,0,0,1,1,1,1,1,1,0,3,2,3,1,2,2,6
102,0,0,1,1,1,1,1,2,1,0,0,0,0,0,0,1,0,0,0,0,0,1,1,0,0,1,2,1,0,0,0,0,0,1,1,0,4,5,2,2,2,4,3
103,0,1,0,1,0,1,4,4,0,0,0,1,0,0,0,0,1,0,1,0,0,0,0,1,0,1,3,0,0,1,1,1,1,1,1,1,5,4,5,1,1,4,4
104,0,0,-1,1,1,0,3,4,0,0,1,0,0,1,0,0,0,0,0,0,0,1,0,1,0,1,2,0,0,1,1,1,1,1,1,0,5,4,4,1,1,1,0
105,0,0,0,1,1,1,3,1,0,0,1,0,0,1,0,0,0,0,1,0,0,0,0,1,0,1,2,0,0,0,1,1,1,1,1,1,5,4,4,3,4,5,2
106,1,1,1,1,0,1,3,2,0,0,1,0,0,0,0,1,0,0,0,1,0,0,1,0,0,2,2,2,0,0,0,1,1,1,0,1,3,2,2,1,1,3,4
107,1,1,0,0,1,1,1,2,1,0,0,0,0,1,0,0,0,0,0,0,0,1,0,1,0,1,1,0,0,0,0,1,1,1,1,0,3,5,5,1,3,1,14
108,0,0,0,1,1,1,4,4,0,0,1,0,0,0,0,0,0,1,0,1,0,0,0,1,0,1,1,0,0,0,0,0,1,1,1,0,5,2,3,1,2,5,4
109,0,1,0,1,1,1,3,3,1,0,0,0,0,1,0,0,0,0,0,1,0,0,0,1,0,1,3,0,0,0,0,1,0,1,0,0,3,2,3,1,1,4,4
110,0,0,-1,1,1,1,4,4,0,0,0,0,1,0,0,0,1,0,0,0,1,0,0,1,0,1,2,0,0,1,0,1,1,1,0,0,3,2,2,1,1,5,4
111,0,1,0,1,1,1,2,1,1,0,0,0,0,1,0,0,0,0,0,0,0,1,0,1,0,1,2,0,0,1,1,0,1,1,0,1,4,3,5,1,1,5,2
112,0,1,0,1,1,1,4,3,0,0,0,0,1,0,0,0,1,0,0,1,0,0,0,1,0,1,3,0,1,1,1,1,1,1,1,0,3,4,4,2,4,4,2
113,0,1,0,1,0,1,2,4,1,0,0,0,0,0,0,0,1,0,0,0,0,1,0,0,1,2,2,0,0,1,1,1,1,1,1,1,4,2,2,1,2,5,2
114,0,1,0,1,1,1,4,3,1,0,0,0,0,1,0,0,0,0,0,0,1,0,0,1,0,1,2,2,0,0,1,0,1,1,1,1,3,4,5,2,4,1,22
115,1,0,1,0,1,1,2,1,1,0,0,0,0,1,0,0,0,0,1,0,0,0,0,1,0,2,1,0,0,0,0,1,0,1,1,1,4,4,3,1,3,5,5
116,0,1,1,0,1,0,3,1,0,0,1,0,0,0,1,0,0,0,0,1,0,0,1,0,0,1,3,1,0,0,1,0,1,1,0,0,5,4,3,1,2,5,12
117,0,1,0,1,0,1,3,3,1,0,0,0,0,1,0,0,0,0,0,0,1,0,0,1,0,1,2,0,0,1,0,1,1,1,1,1,5,3,3,2,3,1,56
118,0,0,0,1,1,1,4,3,1,0,0,0,0,1,0,0,0,0,0,0,0,1,0,1,0,1,2,0,0,1,0,1,1,1,1,1,5,2,3,1,1,2,4
119,0,1,0,1,1,1,1,1,0,1,0,0,0,1,0,0,0,0,0,1,0,0,0,1,0,2,1,0,0,1,1,0,1,1,0,0,4,3,2,1,4,5,6
120,0,1,-1,1,1,0,3,3,1,0,0,0,0,0,0,0,1,0,0,0,1,0,0,0,1,1,4,0,1,0,0,0,1,1,0,0,4,3,3,1,1,4,10
121,0,1,-1,1,1,1,1,1,1,0,0,0,0,0,0,1,0,0,0,0,0,1,0,0,1,1,2,0,0,1,1,0,1,1,1,0,4,4,2,1,2,5,0
122,0,1,0,1,1,1,2,2,1,0,0,0,0,1,0,0,0,0,0,0,0,1,0,1,0,1,2,0,0,1,0,0,1,1,0,1,4,2,2,1,1,3,12
123,0,0,1,0,0,1,3,2,0,0,1,0,0,1,0,0,0,0,0,0,1,0,0,1,0,2,3,0,0,1,1,1,1,1,1,0,5,4,2,1,1,4,8
124,0,0,0,0,1,1,2,1,1,0,0,0,0,1,0,0,0,0,0,0,0,1,0,1,0,2,1,0,0,0,0,1,0,1,0,0,3,3,2,1,3,3,0
125,0,1,0,0,1,1,2,4,0,1,0,0,0,1,0,0,0,0,0,0,0,1,0,0,1,1,3,0,0,1,0,0,1,1,1,1,4,4,3,1,1,5,7
126,1,0,1,1,1,1,4,4,0,0,0,0,1,0,0,0,0,1,0,1,0,0,0,0,1,1,2,0,0,0,1,1,0,1,1,0,3,2,4,1,4,2,4
127,0,0,0,1,0,1,2,2,1,0,0,0,0,1,0,0,0,0,0,1,0,0,0,1,0,1,2,0,0,0,0,0,1,1,1,0,4,4,4,1,1,3,0
128,0,1,-1,1,1,1,4,4,0,0,1,0,0,0,0,1,0,0,0,0,0,1,0,1,0,1,1,0,1,1,1,0,1,1,1,0,3,3,4,2,3,5,0
129,0,0,0,1,1,1,4,3,0,0,0,0,1,1,0,0,0,0,0,1,0,0,0,1,0,1,2,0,0,1,1,1,1,1,1,0,3,4,3,2,3,3,10
130,0,0,0,1,1,1,4,4,0,0,0,0,1,0,0,0,0,1,0,1,0,0,0,1,0,1,2,0,0,1,1,1,1,1,1,1,4,4,5,5,5,5,16
131,0,1,1,1,0,0,4,4,0,0,0,1,0,1,0,0,0,0,0,1,0,0,0,1,0,1,2,0,0,1,0,0,1,1,1,1,4,2,4,1,1,4,14
132,0,1,-1,1,1,1,2,3,1,0,0,0,0,1,0,0,0,0,1,0,0,0,0,0,1,2,1,0,0,1,0,1,1,1,0,0,3,5,1,1,1,5,0
133,0,0,0,1,0,0,3,2,0,0,0,0,1,0,0,1,0,0,0,1,0,0,0,1,0,1,1,1,0,0,0,0,1,1,1,0,4,4,4,3,4,3,19
134,0,0,1,1,1,1,4,3,0,0,0,0,1,1,0,0,0,0,0,0,0,1,0,1,0,1,3,0,0,1,1,0,1,1,1,1,5,4,5,2,3,5,0
135,0,0,0,0,1,0,4,4,1,0,0,0,0,0,0,0,0,1,0,0,1,0,0,1,0,2,3,0,0,1,0,1,1,1,1,1,2,4,3,1,1,5,7
136,0,0,-1,1,1,1,4,3,0,0,0,0,1,1,0,0,0,0,0,0,1,0,0,1,0,1,2,0,0,0,0,0,1,1,1,0,4,4,1,1,1,1,0
137,0,1,-1,1,1,1,4,4,0,0,1,0,0,0,1,0,0,0,0,0,0,1,0,1,0,1,3,0,0,1,0,1,1,1,1,1,4,3,3,1,1,5,0
138,0,0,0,0,1,1,2,2,0,1,0,0,0,1,0,0,0,0,0,0,0,1,0,1,0,3,1,0,0,0,0,0,0,1,0,0,4,2,2,1,2,3,2
139,0,0,4,1,1,1,3,1,0,0,1,0,0,0,0,1,0,0,1,0,0,0,0,1,0,1,1,3,0,0,0,0,0,0,1,1,5,4,5,5,5,1,16
140,0,0,1,1,1,1,4,4,1,0,0,0,0,1,0,0,0,0,0,0,0,1,0,1,0,1,3,0,0,0,0,1,1,1,1,0,4,3,3,2,2,3,3
141,0,1,-1,1,1,1,1,1,1,0,0,0,0,1,0,0,0,0,0,1,0,0,0,0,1,1,2,0,0,1,0,1,0,1,1,0,4,3,2,2,3,4,2
142,0,1,1,1,1,1,4,4,0,0,0,0,1,1,0,0,0,0,0,0,0,1,0,1,0,1,2,0,0,1,1,0,1,1,1,0,4,4,4,3,3,5,2
143,0,0,-1,1,1,1,2,3,1,0,0,0,0,1,0,0,0,0,0,1,0,0,0,1,0,1,3,0,1,0,1,0,0,1,1,0,5,3,2,1,2,5,4
144,0,0,0,1,1,1,2,2,1,0,0,0,0,1,0,0,0,0,0,0,0,1,0,0,1,1,2,0,0,0,0,0,1,0,1,0,4,3,5,2,4,4,4
145,0,0,-1,1,1,1,4,4,0,0,0,1,0,0,0,1,0,0,0,1,0,0,0,1,0,1,2,0,0,1,1,0,0,1,1,0,5,4,2,3,4,5,0
146,0,1,0,0,0,1,3,1,0,0,1,0,0,1,0,0,0,0,0,0,1,0,0,1,0,2,4,0,0,1,1,0,1,1,0,0,3,1,2,1,1,3,6
147,0,1,0,1,1,1,4,4,0,0,1,0,0,0,0,0,0,1,0,1,0,0,0,1,0,2,1,1,0,1,0,0,1,1,1,0,4,2,4,2,3,2,24
148,0,1,0,1,1,1,2,3,0,0,1,0,0,0,0,1,0,0,0,0,0,1,0,1,0,1,2,0,0,0,0,0,1,1,1,0,4,3,3,1,1,2,10
149,0,0,-1,1,1,1,3,4,0,0,1,0,0,0,0,1,0,0,0,1,0,0,0,0,1,1,1,0,1,0,0,0,1,1,1,0,5,5,5,3,2,5,0
150,0,0,1,0,1,1,4,3,0,0,0,0,1,0,0,1,0,0,0,0,0,1,0,1,0,1,3,0,0,0,0,0,1,1,1,1,5,3,2,1,2,4,9
151,0,1,1,0,1,1,4,4,0,0,0,0,1,1,0,0,0,0,0,0,1,0,0,1,0,2,2,0,0,0,1,1,1,1,1,0,4,3,4,2,2,4,8
152,0,1,0,1,0,1,3,3,1,0,0,0,0,1,0,0,0,0,0,0,1,0,0,1,0,2,2,0,0,1,1,1,1,1,1,0,4,4,5,1,1,4,4
153,0,1,0,1,1,0,2,1,1,0,0,0,0,1,0,0,0,0,1,0,0,0,0,1,0,1,2,0,0,0,1,1,1,1,1,1,5,3,4,1,1,2,8
154,0,0,-1,1,0,0,4,4,0,0,0,0,1,0,0,0,0,1,0,0,0,1,0,1,0,1,1,0,0,0,0,1,1,1,1,0,5,5,3,1,1,4,6
155,0,0,0,0,1,1,2,2,1,0,0,0,0,1,0,0,0,0,0,0,0,1,0,0,1,2,2,0,0,1,1,1,1,1,1,0,4,5,2,1,1,1,4
156,0,0,1,1,1,1,3,3,1,0,0,0,0,1,0,0,0,0,0,1,0,0,1,0,0,1,2,1,0,1,0,1,1,1,1,1,4,4,4,1,1,3,20
157,0,1,-1,1,0,1,3,2,0,0,1,0,0,1,0,0,0,0,0,0,1,0,0,1,0,1,2,0,0,1,1,0,1,1,1,0,4,4,4,1,1,5,10
158,0,0,0,1,1,1,3,3,1,0,0,0,0,1,0,0,0,0,0,0,1,0,0,0,1,1,2,0,0,0,0,1,0,1,1,0,4,3,4,1,4,4,4
159,0,0,0,1,0,0,4,1,0,0,1,0,0,1,0,0,0,0,0,1,0,0,0,1,0,2,1,0,0,0,1,1,1,1,1,1,4,5,4,2,4,5,30
160,0,0,0,1,1,1,3,3,1,0,0,0,0,0,0,1,0,0,0,0,1,0,0,1,0,1,1,0,0,0,0,1,0,1,1,0,4,3,5,3,5,5,3
161,0,1,-1,0,1,1,3,4,0,0,1,0,0,0,0,0,0,1,0,0,0,1,0,0,1,2,3,2,0,1,0,0,1,1,1,1,4,2,2,2,2,5,0
162,0,0,0,0,1,1,4,4,0,0,0,0,1,0,0,0,0,1,0,0,0,1,0,1,0,1,1,0,0,0,1,1,1,1,1,0,3,5,5,2,5,4,8
163,0,0,1,1,1,1,2,2,0,0,1,0,0,1,0,0,0,0,0,1,0,0,0,1,0,1,2,1,0,1,1,1,1,1,1,0,4,4,4,2,4,5,15
164,0,0,0,1,1,1,1,1,1,0,0,0,0,1,0,0,0,0,0,0,1,0,0,0,1,1,2,0,0,0,1,0,0,1,1,0,4,3,3,1,2,4,2
165,0,0,0,1,1,1,3,2,0,0,1,0,0,0,0,1,0,0,0,0,0,1,0,1,0,1,1,3,0,1,0,1,1,1,1,0,5,5,5,2,4,5,16
166,0,1,1,1,1,1,3,3,0,0,1,0,0,0,0,1,0,0,0,1,0,0,0,1,0,1,2,0,0,0,0,1,1,1,1,0,5,3,4,1,1,4,0
167,0,1,0,1,1,0,2,2,0,1,0,0,0,0,1,0,0,0,0,1,0,0,0,0,1,1,2,1,0,1,0,0,1,1,1,1,3,3,1,1,2,4,0
168,0,0,1,1,1,1,2,1,0,0,1,0,0,0,0,1,0,0,0,0,1,0,0,1,0,1,3,0,0,0,1,1,1,1,1,0,4,2,4,1,3,2,6
169,0,1,0,1,0,1,1,2,1,0,0,0,0,0,0,1,0,0,0,0,1,0,0,0,1,1,2,0,1,0,0,1,1,1,1,0,4,4,3,1,1,1,4
170,0,0,-1,0,1,1,2,3,0,1,0,0,0,0,0,1,0,0,0,0,0,1,0,1,0,1,2,0,1,0,1,1,1,1,0,0,4,4,4,1,1,1,2
171,0,0,1,1,0,1,3,3,0,0,1,0,0,0,0,0,1,0,0,1,0,0,0,0,1,1,2,1,0,1,1,0,1,1,1,0,3,2,4,2,4,4,13
172,0,1,0,1,1,0,3,3,0,0,0,1,0,1,0,0,0,0,0,0,1,0,0,1,0,1,2,0,0,1,0,0,0,1,1,1,3,3,3,1,3,3,6
173,0,1,0,1,0,1,3,1,1,0,0,0,0,1,0,0,0,0,0,1,0,0,0,0,1,1,2,0,1,1,0,0,1,1,0,0,3,3,3,2,3,2,4
174,0,0,-1,1,0,1,4,3,0,0,0,0,1,0,0,1,0,0,0,1,0,0,0,1,0,1,3,0,0,1,0,1,1,1,1,0,5,4,3,1,1,4,2
175,0,1,0,1,0,1,4,3,0,0,0,0,1,0,0,1,0,0,0,0,0,1,0,1,0,3,2,0,0,1,0,1,1,1,1,0,5,4,3,1,2,1,2
176,0,1,0,1,1,1,1,3,0,1,0,0,0,0,0,1,0,0,0,1,0,0,0,1,0,1,2,3,0,0,0,1,0,1,1,1,4,3,5,1,1,3,0
177,0,1,-1,1,1,1,4,4,0,0,0,0,1,0,0,1,0,0,0,0,0,1,0,1,0,1,3,0,0,1,1,1,1,1,1,0,4,2,2,1,1,5,2
178,1,0,0,1,1,1,2,3,1,0,0,0,0,0,0,1,0,0,0,1,0,0,0,0,1,2,2,0,0,0,0,1,1,1,1,0,4,4,3,1,1,3,2
179,0,1,1,1,1,1,2,3,1,0,0,0,0,0,0,1,0,0,0,0,1,0,0,0,1,1,4,0,0,1,1,1,1,1,1,1,4,5,5,1,3,2,4
180,0,1,0,1,1,0,3,4,0,0,1,0,0,1,0,0,0,0,0,0,0,1,0,0,1,1,1,0,0,0,0,0,1,1,1,0,3,2,1,1,4,5,16
181,0,0,-1,1,0,0,3,2,0,0,1,0,0,1,0,0,0,0,0,1,0,0,0,1,0,1,2,0,0,1,1,0,1,1,1,0,4,2,2,1,1,1,0
182,0,1,1,1,0,1,1,2,0,0,1,0,0,0,0,1,0,0,0,1,0,0,1,0,0,1,2,1,0,0,0,1,0,1,0,1,4,2,4,2,2,3,0
183,0,1,0,1,0,0,3,3,1,0,0,0,0,0,0,1,0,0,0,1,0,0,0,1,0,1,2,0,0,1,0,0,1,1,1,0,2,3,5,1,4,3,12
184,0,1,0,1,1,1,2,3,0,0,1,0,0,0,0,0,0,1,1,0,0,0,0,1,0,1,2,0,1,0,0,0,1,1,1,0,2,3,1,1,1,3,2
185,0,1,0,1,1,1,3,3,1,0,0,0,0,1,0,0,0,0,0,0,1,0,0,1,0,3,2,0,1,1,0,1,1,1,0,0,5,3,2,1,1,4,4
186,0,1,0,1,0,1,2,2,0,1,0,0,0,1,0,0,0,0,0,0,0,1,0,1,0,1,2,0,0,1,0,0,1,1,0,0,4,3,4,1,2,2,4
187,1,1,0,1,1,1,2,2,1,0,0,0,0,0,1,0,0,0,0,1,0,0,0,1,0,1,3,0,0,0,0,1,1,1,0,1,3,4,3,1,1,3,8
188,0,1,1,1,1,1,0,1,0,1,0,0,0,1,0,0,0,0,0,0,0,1,1,0,0,1,2,3,0,1,0,0,0,0,0,0,3,4,2,1,1,5,2
189,1,0,1,0,0,1,1,1,0,1,0,0,0,1,0,0,0,0,1,0,0,0,0,1,0,2,2,1,0,0,0,1,0,0,0,0,4,4,3,2,3,5,2
190,0,1,0,1,1,1,2,2,0,1,0,0,0,0,1,0,0,0,0,0,0,1,0,1,0,1,3,0,0,1,1,1,1,1,1,0,4,3,3,1,1,4,4
191,0,1,0,1,1,1,1,1,0,1,0,0,0,1,0,0,0,0,0,0,0,1,0,0,1,1,2,0,0,1,0,0,0,1,1,0,5,3,3,1,1,3,4
192,0,1,-1,0,1,1,2,2,0,1,0,0,0,1,0,0,0,0,0,0,1,0,0,1,0,1,1,0,1,1,1,1,1,1,0,0,4,3,1,1,1,2,8
193,0,1,-1,1,1,1,2,2,1,0,0,0,0,1,0,0,0,0,0,0,0,1,0,1,0,1,4,0,1,1,1,0,1,1,1,0,5,1,2,1,1,3,8
194,1,1,1,0,0,1,4,4,0,0,0,0,1,0,0,1,0,0,0,0,0,1,0,1,0,1,2,0,0,0,1,1,1,1,1,0,5,4,3,3,4,2,4
195,0,0,0,0,0,1,3,3,0,0,0,0,1,1,0,0,0,0,0,1,0,0,0,0,1,3,1,0,0,1,1,1,1,1,1,0,3,3,4,3,5,3,8
196,1,1,1,0,1,1,2,2,0,1,0,0,0,1,0,0,0,0,1,0,0,0,0,1,0,2,3,0,0,0,1,0,1,1,0,0,5,3,3,1,3,4,2
197,0,1,1,1,1,1,3,2,1,0,0,0,0,0,0,1,0,0,1,0,0,0,0,1,0,1,3,0,0,0,0,0,1,1,1,1,5,4,3,2,3,1,7
198,0,1,0,1,1,1,2,2,0,1,0,0,0,1,0,0,0,0,0,1,0,0,0,1,0,1,2,1,1,0,0,1,1,1,1,0,3,1,2,1,1,5,6
199,0,1,0,0,1,1,2,2,1,0,0,0,0,1,0,0,0,0,0,0,1,0,0,1,0,1,1,0,0,1,0,0,1,1,1,0,5,3,2,1,2,3,18
200,0,0,0,1,1,1,4,4,0,0,0,0,1,0,0,0,0,1,0,0,0,1,0,1,0,1,1,0,0,1,0,0,1,0,1,1,3,3,2,2,1,5,0
201,1,1,1,0,0,1,4,4,1,0,0,0,0,1,0,0,0,0,0,0,1,0,0,1,0,2,3,0,0,0,0,0,1,1,1,0,5,4,4,1,1,1,0
202,0,1,-1,1,1,1,4,4,0,0,0,0,1,0,0,0,1,0,0,0,1,0,0,1,0,1,2,0,0,1,1,0,1,1,1,0,3,3,3,1,2,2,0
203,0,0,0,0,1,1,4,2,0,0,0,0,1,0,0,1,0,0,1,0,0,0,0,1,0,1,1,0,0,1,0,1,1,1,1,1,4,3,3,3,4,3,10
204,1,0,3,0,1,1,1,1,1,0,0,0,0,1,0,0,0,0,0,0,0,1,1,0,0,1,1,3,0,0,0,0,0,1,0,0,5,5,3,3,3,3,3
205,0,0,1,0,0,0,3,4,1,0,0,0,0,1,0,0,0,0,0,0,1,0,0,1,0,2,2,0,0,1,1,1,1,1,1,0,4,2,5,3,4,1,13
206,0,1,0,0,1,1,2,2,0,0,1,0,0,0,0,1,0,0,0,0,1,0,0,1,0,2,4,0,0,1,1,1,0,1,1,0,5,3,5,1,1,5,6
207,0,1,0,1,0,1,0,2,0,1,0,0,0,0,1,0,0,0,0,1,0,0,0,0,1,2,3,0,0,0,0,0,1,1,1,0,3,3,3,2,3,2,0
208,0,1,0,1,1,1,4,3,0,0,0,0,1,1,0,0,0,0,1,0,0,0,0,1,0,1,2,0,0,0,1,1,1,1,1,1,1,3,2,1,1,1,10
209,0,0,-1,1,1,1,4,4,0,0,0,1,0,0,0,0,1,0,1,0,0,0,0,0,1,1,1,0,0,1,1,0,1,1,1,0,5,4,2,1,1,5,0
210,0,0,-1,0,1,1,2,1,0,0,0,1,0,0,0,1,0,0,0,0,1,0,0,1,0,1,2,0,0,0,0,1,1,1,1,1,5,4,2,1,1,5,8
211,1,1,1,1,0,1,3,1,0,0,0,0,1,0,0,1,0,0,0,0,0,1,0,1,0,1,2,0,0,1,1,0,1,1,1,0,4,3,4,1,1,1,0
212,0,0,1,1,1,1,4,3,0,0,0,0,1,1,0,0,0,0,0,0,0,1,0,1,0,1,2,0,0,1,1,0,0,1,1,0,4,3,2,1,1,3,2
213,0,0,1,1,1,1,2,1,0,0,1,0,0,0,0,1,0,0,1,0,0,0,0,1,0,1,1,1,0,0,0,0,0,0,1,0,3,2,5,2,5,5,4
214,1,0,2,1,0,0,2,2,0,0,1,0,0,0,0,1,0,0,0,0,0,1,1,0,0,1,2,2,0,1,1,0,1,1,0,0,5,5,4,4,5,4,11
215,0,1,0,0,1,1,2,1,0,1,0,0,0,0,0,1,0,0,0,0,1,0,0,1,0,2,2,0,0,1,0,1,1,1,1,0,4,2,5,1,2,5,2
216,0,1,0,1,0,1,2,4,0,0,1,0,0,0,0,1,0,0,0,0,0,1,0,0,1,1,2,0,0,0,0,1,1,1,1,1,4,3,2,1,1,5,0
217,0,1,0,1,1,1,4,4,0,0,0,0,1,0,0,0,0,1,0,0,0,1,0,1,0,2,3,0,0,1,1,0,0,1,1,1,4,3,3,1,2,4,4
218,0,0,-1,1,1,1,4,2,1,0,0,0,0,1,0,0,0,0,0,0,0,1,0,1,0,1,4,0,0,0,0,0,1,1,1,0,3,3,3,1,1,3,0
219,0,0,0,1,1,1,3,3,1,0,0,0,0,0,0,1,0,0,0,1,0,0,0,0,1,2,1,0,0,0,0,1,1,1,1,0,5,4,2,1,1,5,0
220,1,1,1,1,1,1,1,1,1,0,0,0,0,1,0,0,0,0,0,0,0,1,0,1,0,2,2,1,0,0,0,1,1,1,0,0,1,1,1,1,1,5,0
221,0,0,0,1,0,0,3,4,0,0,1,0,0,1,0,0,0,0,0,1,0,0,0,1,0,1,2,0,1,1,0,1,1,1,1,0,5,3,3,1,1,5,4
222,0,0,0,0,1,1,1,3,1,0,0,0,0,1,0,0,0,0,0,0,0,1,0,0,1,3,2,1,0,1,0,1,1,1,1,0,5,2,4,1,4,5,20
223,0,1,0,0,1,1,3,3,0,0,1,0,0,1,0,0,0,0,0,0,1,0,0,0,1,1,3,1,1,1,0,1,1,1,1,0,4,1,2,1,1,2,0
224,0,0,0,0,1,1,4,3,0,0,1,0,0,1,0,0,0,0,0,0,1,0,0,1,0,2,1,0,1,1,0,1,0,1,1,0,3,3,3,1,1,4,2
225,0,1,-1,1,0,0,3,4,1,0,0,0,0,1,0,0,0,0,0,1,0,0,0,1,0,1,2,0,1,0,0,1,1,1,1,1,5,3,2,1,1,1,0
226,0,1,-1,0,1,1,3,4,0,0,1,0,0,0,0,0,1,0,0,0,0,1,0,1,0,1,3,0,1,1,1,1,1,1,1,0,4,3,2,1,1,5,2
227,0,1,-1,1,0,1,4,3,0,0,1,0,0,0,0,1,0,0,0,0,1,0,0,0,1,1,2,0,1,0,0,1,1,1,1,1,4,4,4,2,4,2,0
228,0,0,-1,1,1,1,4,4,0,0,1,0,0,1,0,0,0,0,0,0,0,1,0,1,0,1,1,0,0,1,0,1,0,1,1,0,5,3,3,1,1,5,4
229,0,1,0,1,1,1,4,4,0,0,0,0,1,0,0,1,0,0,0,1,0,0,0,1,0,1,3,0,0,1,0,1,0,1,1,0,5,3,2,1,1,5,0
230,0,1,0,1,1,1,2,2,0,0,1,0,0,0,0,1,0,0,0,1,0,0,0,1,0,1,1,2,0,1,1,0,0,1,1,0,1,2,2,1,3,5,14
231,0,0,0,1,0,1,4,3,0,0,1,0,0,1,0,0,0,0,0,0,1,0,0,1,0,1,2,0,0,1,1,1,1,1,1,0,5,4,2,1,2,5,10
232,0,1,0,1,0,1,2,2,0,0,1,0,0,0,0,1,0,0,0,0,0,1,0,1,0,3,2,0,0,1,1,0,1,1,1,0,4,3,3,2,3,4,2
233,0,0,1,1,0,0,4,3,0,0,1,0,0,0,1,0,0,0,0,0,1,0,0,1,0,1,2,0,0,1,0,0,1,1,1,0,4,3,1,1,1,1,12
234,0,0,1,0,1,1,2,2,0,0,1,0,0,1,0,0,0,0,0,0,1,0,0,1,0,1,1,2,0,1,0,1,1,1,1,0,3,3,3,1,2,4,0
235,0,1,1,1,0,1,2,1,0,0,1,0,0,0,1,0,0,0,0,0,1,0,0,1,0,1,2,1,0,0,0,0,1,1,1,1,5,4,3,1,1,5,12
236,0,1,0,1,1,1,1,1,0,0,1,0,0,0,0,0,0,1,0,0,1,0,0,1,0,1,3,0,0,1,1,0,1,1,1,0,4,3,3,1,1,3,6
237,0,1,1,1,0,1,1,1,0,1,0,0,0,1,0,0,0,0,0,0,1,0,1,0,0,1,2,1,1,1,0,1,0,1,1,0,4,4,3,1,3,3,18
238,0,0,-1,1,0,1,2,2,0,0,1,0,0,0,0,0,1,0,0,0,1,0,0,1,0,1,4,0,0,1,0,1,1,1,1,0,4,3,4,1,1,4,6
239,0,1,1,1,1,1,1,1,0,1,0,0,0,0,0,0,1,0,0,1,0,0,1,0,0,1,3,2,0,0,0,0,0,1,1,1,4,1,2,1,1,3,14
240,0,1,0,1,1,1,3,1,0,0,1,0,0,0,0,1,0,0,0,0,0,1,0,0,1,1,3,0,0,1,0,0,0,1,1,0,3,4,3,2,3,5,1
241,1,1,1,0,0,0,1,4,0,1,0,0,0,1,0,0,0,0,0,0,0,1,0,1,0,3,2,0,0,0,0,0,1,1,0,1,4,3,4,1,4,5,0
242,0,0,0,1,1,1,2,1,1,0,0,0,0,1,0,0,0,0,0,0,0,1,0,1,0,3,1,0,0,0,0,0,1,1,1,0,4,3,3,1,1,4,6
243,0,0,-1,1,1,0,2,2,1,0,0,0,0,1,0,0,0,0,0,1,0,0,1,0,0,1,3,0,0,1,0,0,1,1,1,1,4,5,2,1,1,3,0
244,0,1,0,0,1,1,4,4,0,0,0,1,0,0,0,0,0,1,1,0,0,0,0,1,0,1,2,0,0,1,0,1,1,1,0,0,2,4,4,2,3,4,6
245,0,0,-1,1,0,0,4,2,0,0,0,1,0,0,0,0,1,0,1,0,0,0,0,0,1,2,1,1,0,0,0,0,1,1,0,0,5,5,5,3,4,5,6
246,0,1,-1,1,1,1,1,2,0,1,0,0,0,0,0,1,0,0,0,0,0,1,0,1,0,1,2,0,0,0,0,0,0,1,1,0,3,2,3,1,2,1,2
247,0,1,0,1,1,1,2,3,0,1,0,0,0,1,0,0,0,0,0,1,0,0,0,0,1,2,1,0,0,1,1,0,1,1,0,0,3,3,3,1,4,3,3
248,0,0,0,0,1,1,2,2,0,0,1,0,0,1,0,0,0,0,0,0,0,1,0,1,0,4,1,0,0,1,0,0,1,1,1,0,4,4,5,5,5,4,8
249,0,0,-1,0,1,1,3,2,1,0,0,0,0,1,0,0,0,0,0,0,0,1,0,1,0,2,2,2,1,1,0,0,1,1,1,1,4,4,4,1,4,3,6
250,0,1,0,1,1,1,4,4,1,0,0,0,0,0,0,0,0,1,0,0,0,1,0,1,0,1,1,0,1,1,0,0,1,1,0,1,4,2,1,1,1,4,0
251,0,1,1,0,1,1,3,1,1,0,0,0,0,1,0,0,0,0,0,0,1,0,0,1,0,1,2,1,0,0,0,1,1,1,1,1,5,3,3,1,1,4,16
252,0,1,-1,1,1,1,4,4,0,0,0,0,1,0,0,0,0,1,0,0,0,1,0,1,0,2,1,0,0,0,0,1,1,1,1,0,4,3,2,1,1,5,0
253,0,0,1,1,1,1,4,2,0,0,0,1,0,1,0,0,0,0,0,0,1,0,0,0,1,1,2,0,0,1,1,1,1,1,1,1,5,4,5,1,3,5,10
254,0,1,-1,1,1,1,4,2,1,0,0,0,0,1,0,0,0,0,0,0,1,0,0,1,0,1,3,0,0,1,0,1,1,1,1,0,5,3,3,1,3,1,4
255,0,0,-1,1,1,1,4,4,1,0,0,0,0,0,0,0,0,1,0,0,1,0,0,0,1,2,2,0,0,1,0,1,1,1,0,0,4,4,3,1,1,2,2
256,0,1,0,1,0,1,2,2,0,0,1,0,0,0,0,1,0,0,0,0,0,1,0,0,1,1,4,0,0,0,1,1,1,1,1,1,3,4,1,1,1,2,0
257,0,0,1,1,0,1,2,2,1,0,0,0,0,1,0,0,0,0,0,0,0,1,0,1,0,1,4,0,0,1,0,1,1,1,1,0,4,5,5,2,4,5,2
258,0,1,1,1,1,1,4,3,0,0,1,0,0,1,0,0,0,0,0,1,0,0,0,0,1,1,2,0,0,1,1,0,1,1,1,1,3,1,2,1,3,2,21
259,1,1,1,1,1,1,3,3,0,0,1,0,0,0,0,1,0,0,1,0,0,0,0,1,0,2,2,0,0,1,0,0,1,1,1,1,4,3,2,1,3,3,0
260,0,1,1,0,1,1,2,1,1,0,0,0,0,1,0,0,0,0,0,0,1,0,0,1,0,2,2,0,0,1,0,0,1,0,1,1,4,3,5,1,2,3,0
261,0,0,0,1,0,1,2,2,0,0,1,0,0,0,0,1,0,0,0,0,1,0,0,0,1,2,1,2,0,1,0,1,1,1,1,0,2,3,3,2,2,2,8
262,0,0,0,0,0,1,1,2,1,0,0,0,0,1,0,0,0,0,0,0,1,0,0,1,0,1,1,0,0,0,0,0,1,1,0,0,2,2,2,3,3,5,8
263,0,1,0,1,1,1,3,1,0,0,1,0,0,1,0,0,0,0,0,0,0,1,0,1,0,1,4,0,1,1,1,0,1,1,1,0,4,3,3,1,2,5,4
264,0,1,0,1,1,1,3,4,0,1,0,0,0,1,0,0,0,0,0,0,0,1,0,1,0,1,2,0,0,1,0,0,1,1,1,0,2,4,3,1,2,3,12
265,0,1,-1,1,1,1,1,1,0,1,0,0,0,1,0,0,0,0,0,0,0,1,0,1,0,3,1,0,0,1,0,1,0,1,1,1,4,3,3,1,2,4,0
266,1,1,1,0,1,1,1,1,1,0,0,0,0,1,0,0,0,0,0,1,0,0,0,1,0,4,3,0,0,0,0,0,1,1,1,0,4,3,2,1,2,4,2
267,0,1,-1,1,0,0,4,3,1,0,0,0,0,1,0,0,0,0,0,0,0,1,0,1,0,1,2,0,1,1,1,1,1,1,1,1,5,2,2,1,1,5,8
268,1,0,1,0,1,1,3,2,1,0,0,0,0,1,0,0,0,0,0,0,0,1,0,1,0,2,1,1,0,1,0,0,0,1,1,0,2,5,5,5,5,5,10
269,0,1,0,0,1,1,4,3,0,0,0,0,1,1,0,0,0,0,0,0,1,0,0,1,0,2,3,0,0,1,1,1,1,1,1,1,4,4,2,1,1,4,6
270,0,0,0,1,0,1,1,2,1,0,0,0,0,1,0,0,0,0,0,0,0,1,0,1,0,2,1,1,0,0,0,1,1,1,0,0,4,4,4,2,4,5,0
271,0,1,0,1,1,1,3,3,1,0,0,0,0,0,0,1,0,0,0,1,0,0,0,1,0,1,2,0,1,1,1,1,1,1,1,0,4,3,3,2,4,5,54
272,0,1,1,0,1,1,1,1,0,1,0,0,0,1,0,0,0,0,0,0,0,1,0,1,0,3,1,3,0,1,0,1,0,1,0,0,5,2,5,1,5,4,6
273,0,1,1,0,0,1,1,1,0,1,0,0,0,1,0,0,0,0,0,0,1,0,0,1,0,2,4,0,0,1,1,1,1,1,0,0,5,2,2,1,1,3,1
274,0,0,0,1,0,1,4,3,0,0,0,0,1,1,0,0,0,0,0,0,0,1,0,1,0,1,1,0,0,0,0,1,0,1,1,0,5,4,5,1,1,3,0
275,0,1,0,1,1,1,2,1,1,0,0,0,0,1,0,0,0,0,0,1,0,0,0,1,0,1,1,0,0,0,0,0,1,1,1,1,4,5,2,1,1,5,20
276,0,0,0,1,0,1,2,3,0,0,1,0,0,0,0,1,0,0,0,0,1,0,0,0,1,1,2,0,0,1,1,0,0,1,1,0,5,3,3,1,3,3,2
277,1,0,1,1,0,1,4,4,0,0,0,0,1,0,0,1,0,0,1,0,0,0,0,1,0,2,3,0,0,0,1,0,1,1,1,1,4,2,2,2,2,5,0
278,1,1,1,0,1,1,4,4,1,0,0,0,0,0,0,0,0,1,1,0,0,0,0,0,1,3,2,0,0,1,1,0,0,1,1,1,3,2,2,4,2,5,10
279,0,1,1,1,1,0,4,4,0,1,0,0,0,0,0,0,0,1,0,0,0,1,0,1,0,2,2,0,1,0,0,0,1,1,0,0,4,3,4,1,1,3,6
